FITCpos,geomean_FITC,bin1,bin2,bin3,bin4,mean_bin,plate,titration,genotype,conc_logM,conc_M,category
61.8,11682,94.9,4.73,0.29,0.12,1.056677329,plate_1,1,wildtype,0,0,wildtype
63.4,11100,96.8,2.97,0.18,0.016,1.033791489,plate_1,1,wildtype,-13,1E-13,wildtype
62.8,11180,96.4,3.27,0.27,0.021,1.038745111,plate_1,1,wildtype,-12.33333333,4.64159E-13,wildtype
63.1,10710,91.4,8.44,0.18,0.033,1.08894286,plate_1,1,wildtype,-11.66666667,2.15443E-12,wildtype
NA,NA,NA,NA,NA,NA,NA,plate_1,1,wildtype,-11,1E-11,wildtype
58.5,10220,4.04,41.5,53.8,0.64,2.5105021,plate_1,1,wildtype,-10.33333333,4.64159E-11,wildtype
57,9785,0.018,5.82,52.7,41.4,3.35566051,plate_1,1,wildtype,-9.666666667,2.15443E-10,wildtype
53.5,9010,0.02,0.51,23,76.5,3.759272218,plate_1,1,wildtype,-9,0.000000001,wildtype
55.2,8600,0.019,0.3,10.1,89.6,3.892450434,plate_1,1,wildtype,-8.333333333,4.64159E-09,wildtype
58.4,8726,0.054,0.25,5.84,93.9,3.935008596,plate_1,1,wildtype,-7.666666667,2.15443E-08,wildtype
56.6,8050,0.018,0.18,4.57,95.2,3.950144046,plate_1,1,wildtype,-7,0.0000001,wildtype
60.9,10795,95.7,4.09,0.15,0.086,1.046467918,plate_1,1,wildtype,NA,NA,wildtype
66.1,11637,97.4,2.47,0.093,0,1.026569831,plate_1,2,Q498Y,0,0,other
67.2,11818,98.3,1.73,0.031,0,1.017909075,plate_1,2,Q498Y,-13,1E-13,other
66.8,11359,98,1.88,0.046,0.031,1.020658883,plate_1,2,Q498Y,-12.33333333,4.64159E-13,other
64.8,10514,91.8,8.14,0.094,0.016,1.083718141,plate_1,2,Q498Y,-11.66666667,2.15443E-12,other
64.4,10349,35,60.8,4.22,0,1.692261548,plate_1,2,Q498Y,-11,1E-11,other
61.6,10304,0.68,23.3,67.5,8.56,2.839064374,plate_1,2,Q498Y,-10.33333333,4.64159E-11,other
59.1,9130,0.017,1.26,40.7,58,3.567190454,plate_1,2,Q498Y,-9.666666667,2.15443E-10,other
55.7,8537,0.018,0.11,14.2,85.7,3.855300516,plate_1,2,Q498Y,-9,0.000000001,other
58.7,7920,0.017,0.087,7.65,92.2,3.921213758,plate_1,2,Q498Y,-8.333333333,4.64159E-09,other
59.6,8159,0,0.1,4.08,95.8,3.957191438,plate_1,2,Q498Y,-7.666666667,2.15443E-08,other
56.7,7711,0.073,0.073,3.98,95.9,3.956561294,plate_1,2,Q498Y,-7,0.0000001,other
62.1,10331,97.4,2.52,0.033,0.066,1.027834711,plate_1,2,Q498Y,NA,NA,other
65.8,11249,97,2.93,0.094,0,1.031172519,plate_1,3,N501D,0,0,other
68.4,12103,97.9,2.08,0.06,0,1.021991204,plate_1,3,N501D,-13,1E-13,other
66.1,11345,98.4,1.56,0.046,0,1.016519009,plate_1,3,N501D,-12.33333333,4.64159E-13,other
68.9,11275,97.9,1.98,0.059,0.03,1.021886785,plate_1,3,N501D,-11.66666667,2.15443E-12,other
64.7,10638,97.9,1.99,0.079,0.032,1.022439776,plate_1,3,N501D,-11,1E-11,other
65.2,10883,98.1,1.82,0.078,0.016,1.020237167,plate_1,3,N501D,-10.33333333,4.64159E-11,other
65.4,10703,97.6,2.2,0.11,0.063,1.026097046,plate_1,3,N501D,-9.666666667,2.15443E-10,other
63.2,10952,97,2.87,0.11,0.032,1.031856177,plate_1,3,N501D,-9,0.000000001,other
62.7,10753,57.3,29.7,13,0,1.557,plate_1,3,N501D,-8.333333333,4.64159E-09,other
62.1,10340,21.4,21.2,28.7,28.8,2.648351648,plate_1,3,N501D,-7.666666667,2.15443E-08,other
57.5,9168,11.6,26.7,30.8,30.9,2.81,plate_1,3,N501D,-7,0.0000001,other
64,10715,97.1,2.69,0.15,0.049,1.031373451,plate_1,3,N501D,NA,NA,other
66.2,10852,97.5,2.4,0.11,0.015,1.026643339,plate_1,4,N501F,0,0,other
69.1,11136,98.7,1.29,0.045,0,1.013795172,plate_1,4,N501F,-13,1E-13,other
67.5,10605,96.8,3.12,0.12,0.015,1.034031283,plate_1,4,N501F,-12.33333333,4.64159E-13,other
67.3,9807,74.9,25.1,0.076,0,1.252328231,plate_1,4,N501F,-11.66666667,2.15443E-12,other
61.1,8540,12.6,61.1,26.2,0.017,2.136453256,plate_1,4,N501F,-11,1E-11,other
59.1,9451,0.17,10.2,65.8,23.8,3.132639792,plate_1,4,N501F,-10.33333333,4.64159E-11,other
57.9,8494,0.053,0.32,28.5,71.1,3.706930871,plate_1,4,N501F,-9.666666667,2.15443E-10,other
57.3,8141,0.036,0.09,8.69,91.2,3.910234363,plate_1,4,N501F,-9,0.000000001,other
59.5,8414,0.052,0.23,5.48,94.2,3.939016826,plate_1,4,N501F,-8.333333333,4.64159E-09,other
60.3,8241,0.051,0.15,3.06,96.7,3.964856294,plate_1,4,N501F,-7.666666667,2.15443E-08,other
53.1,7197,0.02,0.02,1.88,98.1,3.980203959,plate_1,4,N501F,-7,0.0000001,other
64.5,10144,96.9,2.83,0.18,0.096,1.034777913,plate_1,4,N501F,NA,NA,other
61.8,9368,96.3,3.64,0.05,0.05,1.038884446,plate_1,5,N501T,0,0,other
65.9,9793,97.7,2.14,0.094,0.031,1.024218476,plate_1,5,N501T,-13,1E-13,other
63.9,9627,97.2,2.7,0.064,0.016,1.028765753,plate_1,5,N501T,-12.33333333,4.64159E-13,other
63.1,8946,86,13.9,0.11,0.016,1.141643173,plate_1,5,N501T,-11.66666667,2.15443E-12,other
60.7,9075,27.2,64.2,8.69,0,1.81506644,plate_1,5,N501T,-11,1E-11,other
56.3,8566,0.33,18.9,68.1,12.7,2.931420574,plate_1,5,N501T,-10.33333333,4.64159E-11,other
54.9,7936,0.056,0.37,36.8,62.8,3.623018015,plate_1,5,N501T,-9.666666667,2.15443E-10,other
51.3,7328,0.1,0.22,12.9,86.8,3.863627275,plate_1,5,N501T,-9,0.000000001,other
54.7,7828,0.11,0.076,7.17,92.6,3.923446316,plate_1,5,N501T,-8.333333333,4.64159E-09,other
58.1,7560,0,0.054,3.93,96,3.959613538,plate_1,5,N501T,-7.666666667,2.15443E-08,other
55.3,6980,0.037,0.056,2.69,97.2,3.970865047,plate_1,5,N501T,-7,0.0000001,other
61,8968,96.4,3.48,0.034,0.051,1.037022958,plate_1,5,N501T,NA,NA,other
66.9,11412,96.9,2.88,0.15,0.031,1.03274277,plate_1,6,G502D,0,0,other
69.5,11638,97.7,2.24,0.074,0.015,1.024322946,plate_1,6,G502D,-13,1E-13,other
69.3,11777,97.4,2.51,0.062,0.031,1.027269182,plate_1,6,G502D,-12.33333333,4.64159E-13,other
68.5,10996,97.7,2.27,0.045,0.015,1.024042787,plate_1,6,G502D,-11.66666667,2.15443E-12,other
67.2,10908,97.6,2.32,0.076,0.015,1.025167232,plate_1,6,G502D,-11,1E-11,other
66.1,10627,97.7,2.24,0.031,0,1.023026678,plate_1,6,G502D,-10.33333333,4.64159E-11,other
66.6,11031,97.7,2.2,0.046,0.015,1.023379118,plate_1,6,G502D,-9.666666667,2.15443E-10,other
66.9,11925,95.9,3.89,0.14,0.031,1.042646632,plate_1,6,G502D,-9,0.000000001,other
65.8,11970,96,3.82,0.22,0.016,1.043055889,plate_1,6,G502D,-8.333333333,4.64159E-09,other
66.7,11352,95.4,4.56,0.11,0.031,1.048680832,plate_1,6,G502D,-7.666666667,2.15443E-08,other
65.1,10853,75,24.7,0.27,0.032,1.253354933,plate_1,6,G502D,-7,0.0000001,other
64.6,10587,97,2.87,0.14,0.016,1.031971687,plate_1,6,G502D,NA,NA,other
65.6,10379,98,1.87,0.094,0,1.020587411,plate_1,7,L455Y,0,0,other
66.2,11025,98.9,1.08,0.031,0,1.011418744,plate_1,7,L455Y,-13,1E-13,other
66.5,11106,98.6,1.33,0.063,0.016,1.015038647,plate_1,7,L455Y,-12.33333333,4.64159E-13,other
66.5,10424,98.8,1.23,0.031,0,1.012912124,plate_1,7,L455Y,-11.66666667,2.15443E-12,other
65.1,10191,98.7,1.26,0.063,0,1.013856813,plate_1,7,L455Y,-11,1E-11,other
64.4,10091,98.3,1.6,0.048,0.048,1.018400736,plate_1,7,L455Y,-10.33333333,4.64159E-11,other
62.5,9844,86,14,0.033,0,1.140613598,plate_1,7,L455Y,-9.666666667,2.15443E-10,other
57.3,10075,41.9,44.8,13.3,0.054,1.715233774,plate_1,7,L455Y,-9,0.000000001,other
56.3,9235,2.78,9.58,33.9,53.8,3.386368179,plate_1,7,L455Y,-8.333333333,4.64159E-09,other
60.3,8602,0.068,2.46,20.5,77,3.743831727,plate_1,7,L455Y,-7.666666667,2.15443E-08,other
54.2,8013,0.17,2.66,21.5,75.7,3.726781965,plate_1,7,L455Y,-7,0.0000001,other
61.9,10117,97.7,2.24,0.083,0.033,1.02503598,plate_1,7,L455Y,NA,NA,other
58.6,8909,96.5,3.4,0.053,0,1.035076486,plate_2,8,N439K,0,0,circulating
63,9977,97.5,2.4,0.049,0,1.024992746,plate_2,8,N439K,-13,1E-13,circulating
61.8,9432,97.5,2.45,0.052,0,1.025539489,plate_2,8,N439K,-12.33333333,4.64159E-13,circulating
59.9,9122,90.3,9.62,0.085,0.051,1.09937435,plate_2,8,N439K,-11.66666667,2.15443E-12,circulating
55.6,8910,38.8,60,1.25,0.037,1.625565758,plate_2,8,N439K,-11,1E-11,circulating
53.8,8580,1.24,34.5,61.6,2.68,2.657068586,plate_2,8,N439K,-10.33333333,4.64159E-11,circulating
53.6,8038,0.019,1.91,49.1,48.9,3.469853596,plate_2,8,N439K,-9.666666667,2.15443E-10,circulating
52.2,7273,0,0.12,22.6,77.3,3.771645671,plate_2,8,N439K,-9,0.000000001,circulating
53.7,7408,0.019,0.23,12.1,87.6,3.87376562,plate_2,8,N439K,-8.333333333,4.64159E-09,circulating
58.1,7538,0.035,0.11,6.05,93.8,3.936246812,plate_2,8,N439K,-7.666666667,2.15443E-08,circulating
53.9,7357,0.038,0.13,5.5,94.3,3.941241197,plate_2,8,N439K,-7,0.0000001,circulating
57,9017,57.5,35.6,6.83,0.072,1.494750105,plate_2,8,N439K,NA,NA,circulating
59.6,10850,98.2,1.66,0.12,0.017,1.019510585,plate_2,9,T478I,0,0,circulating
62.1,11047,99.1,0.89,0.033,0.017,1.010065974,plate_2,9,T478I,-13,1E-13,circulating
64.6,11277,98.8,1.11,0.032,0.032,1.012703303,plate_2,9,T478I,-12.33333333,4.64159E-13,circulating
61.1,9674,96.7,3.12,0.15,0.017,1.034714513,plate_2,9,T478I,-11.66666667,2.15443E-12,circulating
61.7,10240,58.6,41.3,0.2,0.017,1.417022084,plate_2,9,T478I,-11,1E-11,circulating
58.1,10194,7.76,48.2,43.9,0.19,2.365017491,plate_2,9,T478I,-10.33333333,4.64159E-11,circulating
55.5,9568,0.13,8.01,57.1,34.8,3.265193922,plate_2,9,T478I,-9.666666667,2.15443E-10,circulating
52.7,8961,0.019,0.6,23.1,76.3,3.75647627,plate_2,9,T478I,-9,0.000000001,circulating
56,9098,0.037,0.17,9.28,90.5,3.902677348,plate_2,9,T478I,-8.333333333,4.64159E-09,circulating
57.3,8688,0,0.11,4.96,94.9,3.948184455,plate_2,9,T478I,-7.666666667,2.15443E-08,circulating
56.2,8022,0,0.073,4.09,95.8,3.957624321,plate_2,9,T478I,-7,0.0000001,circulating
57.1,10780,91.8,7.33,0.62,0.29,1.094362255,plate_2,9,T478I,NA,NA,circulating
63.4,16520,97.2,2.6,0.2,0.049,1.031454587,plate_2,10,V367F,0,0,circulating
64.5,16505,97.7,2.17,0.081,0.016,1.023807857,plate_2,10,V367F,-13,1E-13,circulating
64.7,16210,97.5,2.41,0.096,0.016,1.026494171,plate_2,10,V367F,-12.33333333,4.64159E-13,circulating
64.8,16118,90.2,9.66,0.14,0.016,1.099864022,plate_2,10,V367F,-11.66666667,2.15443E-12,circulating
62.8,15520,30.4,68.7,0.92,0.016,1.705625975,plate_2,10,V367F,-11,1E-11,circulating
58,15355,2.09,21.4,75.1,1.37,2.757803121,plate_2,10,V367F,-10.33333333,4.64159E-11,circulating
54.9,14143,0.019,3.39,33.8,62.8,3.59366657,plate_2,10,V367F,-9.666666667,2.15443E-10,circulating
49.5,13422,0.084,0.32,9.96,89.6,3.891440919,plate_2,10,V367F,-9,0.000000001,circulating
55.8,12433,0.074,0.11,5.05,94.8,3.945098666,plate_2,10,V367F,-8.333333333,4.64159E-09,circulating
58,12549,0,0.18,2.57,97.2,3.970685343,plate_2,10,V367F,-7.666666667,2.15443E-08,circulating
55.5,11421,0.019,0.11,2.41,97.5,3.973140475,plate_2,10,V367F,-7,0.0000001,circulating
59.5,14934,88.2,10.2,1.37,0.26,1.137158852,plate_2,10,V367F,NA,NA,circulating
58.9,10068,96.9,2.86,0.18,0.018,1.032753757,plate_2,11,V483A,0,0,circulating
60.7,10165,98,1.82,0.15,0,1.021206362,plate_2,11,V483A,-13,1E-13,circulating
58.9,10296,98,1.85,0.1,0.035,1.021553233,plate_2,11,V483A,-12.33333333,4.64159E-13,circulating
62.5,10623,95.1,4.75,0.1,0.052,1.051058979,plate_2,11,V483A,-11.66666667,2.15443E-12,circulating
62.1,9587,53.6,46.3,0.18,0.017,1.466657342,plate_2,11,V483A,-11,1E-11,circulating
55.5,9685,3.57,42.6,53.3,0.54,2.508049195,plate_2,11,V483A,-10.33333333,4.64159E-11,circulating
54.8,8902,0.057,4.22,55.4,40.3,3.359742741,plate_2,11,V483A,-9.666666667,2.15443E-10,circulating
48.7,8610,0.085,0.38,21.6,78,3.773996902,plate_2,11,V483A,-9,0.000000001,circulating
52.8,7909,0.039,0.14,8.38,91.4,3.912194,plate_2,11,V483A,-8.333333333,4.64159E-09,circulating
55.5,7966,0.019,0.17,4.33,95.5,3.95273898,plate_2,11,V483A,-7.666666667,2.15443E-08,circulating
54.1,7586,0.019,0.038,3.57,96.4,3.962979995,plate_2,11,V483A,-7,0.0000001,circulating
57.5,9723,96.5,3.13,0.21,0.23,1.042370341,plate_2,11,V483A,NA,NA,circulating