FITC_perc_linegate,genotype,expectation,n_cells,uL_virus,virus_per_mL_stringent,p24_pg_per_mL
11.6,wildtype,neutral,1.27E+04,50,3.13E+04,1258255.475
11.4,wildtype,neutral,1.27E+04,50,3.07E+04,1831363.661
6.08,wildtype,neutral,1.27E+04,50,1.59E+04,1135454.508
22.2,Q498Y,beneficial,1.27E+04,50,6.38E+04,1794519.299
27.4,Q498Y,beneficial,1.27E+04,50,8.13E+04,1788181.925
17.7,Q498Y,beneficial,1.27E+04,50,4.95E+04,1938636.376
1.4,N501D,deleterious,1.27E+04,50,3.58E+03,1692046.667
1.84,N501D,deleterious,1.27E+04,50,4.72E+03,2177727.268
1.28,N501D,deleterious,1.27E+04,50,3.27E+03,1919090.929
19.1,N501F,beneficial,1.27E+04,50,5.38E+04,1598310.437
24,N501F,beneficial,1.27E+04,50,6.97E+04,2065909.09
26.4,N501F,beneficial,1.27E+04,50,7.79E+04,1919090.929
1.45,G502D,deleterious,1.27E+04,50,3.71E+03,1979793.984
1.44,G502D,deleterious,1.27E+04,50,3.68E+03,1801363.628
0.9,G502D,deleterious,1.27E+04,50,2.30E+03,1870909.04
14.7,L455Y,deleterious,1.27E+04,50,4.04E+04,1723310.482
12.5,L455Y,deleterious,1.27E+04,50,3.39E+04,1443636.328
10.4,L455Y,deleterious,1.27E+04,50,2.79E+04,1620909.143
0.091,C432D,deleterious,1.27E+04,50,2.31E+02,717870.8577
0.062,C432D,deleterious,1.27E+04,50,1.58E+02,715454.578
0.04,C432D,deleterious,1.27E+04,50,1.02E+02,506818.2047
7.52,N439K,neutral,1.27E+04,50,1.99E+04,1130398.354
10.8,N439K,neutral,1.27E+04,50,2.90E+04,1196818.235
9.97,N439K,neutral,1.27E+04,50,2.67E+04,1172727.324
0,none,none,1.27E+04,50,0.00E+00,2000728.085
0.33,VSV_G,none,1.27E+04,0.3,1.40E+05,2239519.259